1,Massachusetts Institute of Technology,Cambridge
2,Harvard University,Cambridge
3,Stanford University,Stanford ...
4,Cornell University,Ithaca
5,"University of California, Berkeley",Berkeley ...
6,Columbia University in the City of New York,New York City
7,University of Michigan,Ann Arbor ...
8,University of Washington,Seattle ...
9,University of Pennsylvania,Philadelphia
10,University of Minnesota-Twin Cities,Minneapolis ...
11,Yale University,New Haven
12,"University of California, Los Angeles",Los Angeles ...
13,Johns Hopkins University,Baltimore ...
14,The University of Texas at Austin,Austin
15,New York University,New York City ...
16,University of Wisconsin-Madison,Madison
17,Purdue University,West Lafayette
18,Penn State University,University Park ...
19,Princeton University,Princeton
20,Carnegie Mellon University,Pittsburgh ...
21,University of Southern California,Los Angeles
22,University of Chicago,Chicago
23,Arizona State University,Tempe ...
24,University of Florida,Gainesville
25,Michigan State University,East Lansing
26,"University of California, San Diego",San Diego ...
27,University of Illinois at Urbana-Champaign,Champaign ...
28,University of North Carolina at Chapel Hill,Chapel Hill
29,Duke University,Durham
30,Northwestern University,Evanston ...
31,"University of California, Davis",Davis ...
32,Boston University,Boston ...
33,University of Maryland,College Park
34,"Rutgers, The State University of New Jersey",New Brunswick ...
35,"University of California, Irvine",Irvine ...
36,The University of Arizona,Tucson
37,Texas A&M University,College Station
38,The University of Utah,Salt Lake City
39,University of Virginia,Charlottesville ...
40,The Ohio State University,Columbus ...
41,University of Colorado Boulder,Boulder
42,North Carolina State University,Raleigh
43,Georgia Institute of Technology,Atlanta
44,University of Pittsburgh,Pittsburgh ...
45,Indiana University Bloomington,Bloomington
46,California Institute of Technology,Pasadena
47,Washington University in St. Louis,St. Louis
48,"University of California, Santa Barbara",Santa Barbara ...
49,Georgetown University,Washington
50,Tufts University,Medford
51,University of Nebraska-Lincoln,Lincoln
52,Virginia Polytechnic Institute and State University,Blacksburg
53,Florida State University,Tallahassee ...
54,University of South Florida,Tampa ...
55,Oregon State University,Corvallis ...
56,University of Massachusetts Amherst,Amherst
57,University of Georgia,Athens
58,Brown University,Providence
59,Iowa State University,Ames
60,Brigham Young University,Provo
61,University of Rochester,Rochester
62,University of Iowa,Iowa City ...
63,"University of California, Riverside",Riverside ...
64,Washington State University,Pullman
65,University of Delaware,Newark
66,Georgia State University,Atlanta
67,William Marsh Rice University,Houston
68,"University at Buffalo, State University of New York",Buffalo ...
69,Dartmouth College,Hanover
70,George Washington University,Washington ...
71,Vanderbilt University,Nashville
72,Syracuse University,Syracuse
73,Colorado State University,Fort Collins
74,University of Houston,Houston
75,George Mason University,Fairfax
76,University of Oregon,Eugene ...
77,"University of California, Santa Cruz",Santa Cruz ...
78,University of Illinois at Chicago,Chicago ...
79,"University of California, San Francisco",San Francisco ...
80,University of Notre Dame,Notre Dame
81,University of Connecticut,Storrs ...
82,Emory University,Atlanta
83,Temple University,Philadelphia ...
84,Northeastern University,Boston ...
85,University of Missouri,Columbia
86,University of Central Florida,Orlando ...
87,University of Kansas,Lawrence ...
88,University of Kentucky,Lexington
89,Florida International University,Miami
90,University of New Mexico,Albuquerque ...
91,Drexel University,Philadelphia
92,"The University of Tennessee, Knoxville",Knoxville ...
93,Rochester Institute of Technology,Rochester
94,University of Miami,Coral Gables ...
95,Louisiana State University,Baton Rouge
96,The University of Alabama,Tuscaloosa
97,San Diego State University,San Diego ...
98,American University,Washington
99,Boston College,Chestnut Hill
100,Fordham University,The Bronx ...
101,The University of Oklahoma,Norman ...
102,University of Vermont,Burlington
103,The University of Tennessee at Martin,Martin ...
104,University of New Hampshire,Durham ...
105,Clemson University,Clemson
106,University of Cincinnati,Cincinnati
107,University of North Texas,Denton ...
108,University of South Carolina,Columbia ...
109,Southern Methodist University,Dallas
110,"California State University, Northridge",Northridge
111,San José State University,San José
112,Utah State University,Logan ...
113,Case Western Reserve University,Cleveland
114,Virginia Commonwealth University,Richmond
115,San Francisco State University,San Francisco
116,Baylor University,Waco
117,Oklahoma State University,Stillwater ...
118,Auburn University,Auburn
119,West Virginia University,Morgantown ...
120,Rensselaer Polytechnic Institute,Troy ...
121,University of Alabama at Birmingham,Birmingham
122,Texas Tech University,Lubbock
123,Florida Atlantic University,Boca Raton ...
124,Portland State University,Portland
125,College of William & Mary,Williamsburg
126,Tulane University,New Orleans
127,Stony Brook University,Stony Brook
128,University of Wisconsin-Milwaukee,Milwaukee
129,The University of Texas at Dallas,Richardson
130,Michigan Technological University,Houghton
131,Mississippi State University,Mississippi State ...
132,University of Denver,Denver
133,Kent State University,Kent ...
134,Wayne State University,Detroit
135,Brandeis University,Waltham
136,The New School,New York City
137,"University of Maryland, Baltimore County",Baltimore
138,"California State University, Long Beach",Long Beach
139,Marquette University,Milwaukee
140,Santa Clara University,Santa Clara
141,University of Arkansas,Fayetteville
142,Southern New Hampshire University,Manchester
143,Indiana University - Purdue University Indianapolis,Indianapolis
144,Northern Illinois University,DeKalb
145,"University at Albany, State University of New York",Albany
146,University of Rhode Island,Kingston ...
147,DePaul University,Chicago
148,The University of Maine,Orono
149,Kansas State University,Manhattan ...
150,"University of Nevada, Reno",Reno
151,Illinois Institute of Technology,Chicago
152,Liberty University,Lynchburg
153,Loyola University Chicago,Chicago
154,New Mexico State University,Las Cruces
155,"California State University, Fullerton",Fullerton ...
156,"California Polytechnic State University, San Luis Obispo",San Luis Obispo
157,The University of Texas at San Antonio,San Antonio
158,"Binghamton University, State University of New York",Vestal
159,University of Wyoming,Laramie
160,Northern Arizona University,Flagstaff ...
161,University of Missouri-Kansas City,Kansas City
162,Montana State University,Bozeman
163,Wake Forest University,Winston-Salem
164,The University of Texas at Arlington,Arlington
165,Western Michigan University,Kalamazoo
166,University of Idaho,Moscow
167,"University of Nevada, Las Vegas",Las Vegas
168,The University of Texas MD Anderson Cancer Center,Houston
169,Bowling Green State University,Bowling Green ...
170,Oregon Health & Science University,Portland ...
171,James Madison University,Harrisonburg
172,Quinnipiac University,Hamden
173,University of Mississippi,University
174,Nova Southeastern University,Fort Lauderdale ...
175,University of San Francisco,San Francisco
176,Carleton College,Northfield
177,University of Alaska Fairbanks,Fairbanks ...
178,Middlebury College,Middlebury
179,New Jersey Institute of Technology,Newark
180,Ohio University,Athens ...
181,Worcester Polytechnic Institute,Worcester
182,University of Louisville,Louisville ...
183,United States Air Force Academy,Colorado Springs
184,The University of Montana,Missoula
185,Texas State University,San Marcos ...
186,Berklee College of Music,Boston
187,Pepperdine University,Malibu ...
188,Wesleyan University,Middletown
189,Lehigh University,Bethlehem
190,Saint Louis University,St. Louis ...
191,Appalachian State University,Boone
192,Swarthmore College,Swarthmore
193,Williams College,Williamstown
194,University of North Dakota,Grand Forks
195,Old Dominion University,Norfolk
196,Bard College,Annandale-on-Hudson
197,Southern Illinois University Carbondale,Carbondale ...
198,Chapman University,Orange
199,University of Massachusetts Boston,Boston
200,Embry-Riddle Aeronautical University,Daytona Beach ...
201,The University of Memphis,Memphis ...
202,"University of Maryland, Baltimore",Baltimore
203,University of Richmond,Richmond
204,University of North Carolina at Greensboro,Greensboro
205,"California State Polytechnic University, Pomona",Pomona
206,University of Dayton,Dayton
207,Pace University,New York City ...
208,University of North Carolina at Charlotte,Charlotte
209,"California State University, Sacramento",Sacramento
210,"California State University, Chico",Chico
211,Western Washington University,Bellingham
212,Miami University,Oxford ...
213,Kennesaw State University,Kennesaw ...
214,Amherst College,Amherst
215,Grand Valley State University,Allendale ...
216,Howard University,Washington
217,Baylor College of Medicine,Houston
218,Calvin University,Grand Rapids
219,Clark University,Worcester
220,University of Massachusetts Lowell,Lowell
221,Smith College,Northampton
222,Villanova University,Villanova
223,University of Colorado Denver,Denver
224,Yeshiva University,New York City
225,University of Akron,Akron ...
226,Hofstra University,Hempstead
227,Creighton University,Omaha
228,The University of Texas at El Paso,El Paso
229,The Catholic University of America,Washington
230,University of San Diego,San Diego
231,University of Michigan-Dearborn,Dearborn
232,Mount Holyoke College,South Hadley
233,Middle Tennessee State University,Murfreesboro
234,North Dakota State University,Fargo
235,Seton Hall University,South Orange
236,Boise State University,Boise
237,Illinois State University,Normal
238,University of Northern Iowa,Cedar Falls
239,Bryn Mawr College,Bryn Mawr
240,United States Military Academy,West Point
241,Babson College,Babson Park
242,Bucknell University,Lewisburg
243,Wellesley College,Wellesley
244,Loyola Marymount University,Los Angeles
245,Vassar College,Poughkeepsie
246,University of Nebraska at Omaha,Omaha
247,Wright State University,Dayton ...
248,Brigham Young University-Idaho,Rexburg
249,Cleveland State University,Cleveland
250,Savannah College of Art and Design,Savannah ...
251,Colby College,Waterville
252,University of Toledo,Toledo
253,East Carolina University,Greenville
254,Montclair State University,Montclair
255,Monmouth University,West Long Branch
256,Thomas Jefferson University,Philadelphia
257,Central Michigan University,Mount Pleasant
258,Marist College,Poughkeepsie
259,Humboldt State University,Arcata
260,Texas Christian University,Fort Worth
261,Rasmussen College,St. Cloud ...
262,Grand Canyon University,Phoenix
263,Western Kentucky University,Bowling Green
264,Elon University,Elon
265,University of Missouri-St. Louis,St. Louis
266,University of North Florida,Jacksonville
267,The University of Alabama in Huntsville,Huntsville
268,Ithaca College,Ithaca
269,"Lehman College, CUNY",The Bronx
270,Medical University of South Carolina,Charleston
271,"California State University, San Bernardino",San Bernardino ...
272,Oakland University,Rochester
273,Missouri State University,Springfield ...
274,Harvey Mudd College,Claremont ...
275,Southern Illinois University Edwardsville,Edwardsville ...
276,Loma Linda University,Loma Linda
277,University of Southern Mississippi,Hattiesburg
278,Ball State University,Muncie
279,Sonoma State University,Rohnert Park
280,Wichita State University,Wichita
281,Oberlin College,Oberlin
282,College of Charleston,Charleston
283,Missouri University of Science and Technology,Rolla
284,Towson University,Towson
285,Eastern Michigan University,Ypsilanti ...
286,Bowdoin College,Brunswick
287,Suffolk University,Boston ...
288,University of St. Thomas,Saint Paul ...
289,University of Texas Southwestern Medical Center,Dallas
290,University of Massachusetts Medical School,Worcester
291,Kenyon College,Gambier
292,Marshall University,Huntington
293,Rhode Island School of Design,Providence
294,Idaho State University,Pocatello ...
295,Eastern Kentucky University,Richmond
296,Florida Institute of Technology,Melbourne
297,Ferris State University,Big Rapids
298,"California State University, Fresno",Fresno
299,"University of California, Merced",Merced ...
300,Lamar University,Beaumont
301,Sam Houston State University,Huntsville
302,University of North Carolina Wilmington,Wilmington
303,Earlham College,Richmond
304,The University of Texas Health Science Center at San Antonio,San Antonio
305,University of Baltimore,Baltimore
306,Fashion Institute of Technology,New York City
307,East Tennessee State University,Johnson City ...
308,Pomona College,Claremont
309,Gallaudet University,Washington
310,Duquesne University,Pittsburgh
311,University of Wisconsin-Eau Claire,Eau Claire
312,The Evergreen State College,Olympia
313,Seattle University,Seattle
314,University of Colorado Colorado Springs,Colorado Springs
315,Bentley University,Waltham
316,Washington and Lee University,Lexington
317,Weber State University,Ogden ...
318,Rowan University,Glassboro ...
319,"Minnesota State University, Mankato",Mankato ...
320,Dickinson College,Carlisle
321,Biola University,La Mirada
322,Western Illinois University,Macomb ...
323,Valencia College,Orlando
324,University of Wisconsin-Stevens Point,Stevens Point
325,Davidson College,Davidson
326,Reed College,Portland
327,The University of Texas Health Science Center at Houston,Houston
328,Webster University,St. Louis
329,Georgia Southern University,Statesboro ...
330,Hanover College,Hanover
331,School of Visual Arts,New York City
332,Barnard College,New York City
333,University of Illinois at Springfield,Springfield ...
334,The Rockefeller University,New York City
335,University of South Dakota,Vermillion
336,The University of Tulsa,Tulsa
337,"California State University, Los Angeles",Los Angeles
338,The University of Texas Medical Branch at Galveston,Galveston
339,University of Massachusetts Dartmouth,North Dartmouth
340,Central Connecticut State University,New Britain
341,Simmons University,Boston
342,DeVry University,Chicago ...
343,Lock Haven University,Lock Haven ...
344,Stetson University,DeLand
345,Trinity College,Hartford
346,Bates College,Lewiston
347,Fairleigh Dickinson University,Teaneck ...
348,College of the Holy Cross,Worcester
349,Radford University,Radford
350,Miami Dade College,Miami
351,University of Nebraska Medical Center,Omaha
352,Hobart and William Smith Colleges,Geneva
353,United States Naval Academy,Annapolis
354,University of Texas Rio Grande Valley,Edinburg ...
355,Colgate University,Hamilton
356,Northern Michigan University,Marquette
357,California State University San Marcos,San Marcos ...
358,New Mexico Institute of Mining and Technology,Socorro
359,Clarkson University,Potsdam ...
360,St. John's University,Queens ...
361,Wheaton College,Wheaton
362,Eastern Illinois University,Charleston
363,Furman University,Greenville
364,Indiana University of Pennsylvania,Indiana
365,Maharishi International University,Fairfield
366,Pratt Institute,Brooklyn
367,Macalester College,Saint Paul
368,Utah Valley University,Orem ...
369,Gonzaga University,Spokane
370,Florida Gulf Coast University,Fort Myers
371,University of Arkansas at Little Rock,Little Rock
372,Eastern Washington University,Cheney
373,Maryville University,St. Louis
374,"California State University, Dominguez Hills",Carson ...
375,University of the Pacific,Stockton ...
376,Medical College of Wisconsin,Milwaukee
377,University of Wisconsin-Green Bay,Green Bay
378,St. Olaf College,Northfield
379,Stevens Institute of Technology,Hoboken
380,College of Saint Benedict/Saint John's University,St. Joseph ...
381,ArtCenter College of Design,Pasadena
382,Colorado School of Mines,Golden
383,The Culinary Institute of America,Hyde Park ...
384,Indiana State University,Terre Haute
385,West Chester University of Pennsylvania,West Chester
386,Gettysburg College,Gettysburg
387,Georgetown College,Georgetown
388,Western Carolina University,Cullowhee ...
389,State University of New York at Oswego,Oswego
390,Emerson College,Boston
391,Hillsdale College,Hillsdale
392,Haverford College,Haverford
393,Hamilton College,Clinton
394,University of Wisconsin-Oshkosh,Oshkosh
395,Skidmore College,Saratoga Springs
396,Augusta University,Augusta
397,DePauw University,Greencastle
398,"California State University, Stanislaus",Turlock ...
399,Northern Kentucky University,Highland Heights ...
400,University of Hawaii-West Oahu,Kapolei
401,Central Washington University,Ellensburg ...
402,Texas A&M University-Corpus Christi,Corpus Christi
403,Drew University,Madison
404,Grinnell College,Grinnell
405,SUNY College of Environmental Science and Forestry,Syracuse
406,North Carolina Agricultural and Technical State University,Greensboro
407,Rider University,Lawrenceville ...
408,Drake University,Des Moines
409,The Juilliard School,New York City
410,Loyola University New Orleans,New Orleans
411,University of Northern Colorado,Greeley
412,Colorado College,Colorado Springs ...
413,Fairfield University,Fairfield
414,Loyola University Maryland,Baltimore
415,St. Cloud State University,St. Cloud
416,Union College,Schenectady
417,Lafayette College,Easton
418,Connecticut College,New London
419,University of Wisconsin-La Crosse,La Crosse
420,Lewis & Clark College,Portland
421,Bradley University,Peoria
422,"California State University, East Bay",Hayward ...
423,Tennessee Tech University,Cookeville
424,Strayer University,Washington ...
425,Hope College,Holland
426,Shippensburg University of Pennsylvania,Shippensburg
427,University of Evansville,Evansville
428,Hult International Business School,Cambridge ...
429,Butler University,Indianapolis
430,Arkansas State University,Jonesboro
431,Broward College,Fort Lauderdale
432,Naval Postgraduate School,Monterey
433,Occidental College,Los Angeles
434,Long Island University,Brooklyn ...
435,Willamette University,Salem
436,Saint Joseph's University,Philadelphia
437,The University of Tennessee at Chattanooga,Chattanooga
438,Azusa Pacific University,Azusa
439,The College of New Jersey,Ewing
440,The Cooper Union for the Advancement of Science and Art,New York City
441,Stephen F. Austin State University,Nacogdoches
442,Rhode Island College,Providence
443,Johnson and Wales University,Providence ...
444,Hampshire College,Amherst
445,Adelphi University,Garden City
446,South Dakota State University,Brookings
447,Widener University,Chester ...
448,Regent University,Virginia Beach
449,Trinity University,San Antonio
450,University of Louisiana at Lafayette,Lafayette
451,Mercer University,Macon ...
452,SUNY Cortland,Cortland
453,Valparaiso University,Valparaíso
454,Whitman College,Walla Walla
455,University of West Florida,Pensacola ...
456,University of Wisconsin-Whitewater,Whitewater
457,University of New Orleans,New Orleans
458,University of Central Arkansas,Conway
459,Stockton University,Galloway ...
460,Rose-Hulman Institute of Technology,Terre Haute
461,Pitzer College,Claremont
462,"University of California, Hastings College of the Law",San Francisco
463,Andrews University,Berrien Springs
464,Seattle Pacific University,Seattle
465,Pacific University,Forest Grove
466,Belmont University,Nashville
467,Academy of Art University,San Francisco
468,Plymouth State University,Plymouth
469,University of West Georgia,Carrollton
470,Xavier University,Cincinnati
471,State University of New York at New Paltz,New Paltz
472,Franklin and Marshall College,Lancaster
473,Columbia College Chicago,Chicago
474,Bridgewater State University,Bridgewater
475,Abilene Christian University,Abilene
476,Purdue University Fort Wayne,Fort Wayne
477,Truman State University,Kirksville
478,Antioch University,Yellow Springs ...
479,University of Mary Washington,Fredericksburg
480,West Texas A&M University,Canyon ...
481,Tennessee State University,Nashville
482,Claremont Graduate University,Claremont ...
483,Morgan State University,Baltimore
484,National University,La Jolla
485,Champlain College,Burlington ...
486,Youngstown State University,Youngstown
487,Cedarville University,Cedarville
488,Samford University,Birmingham
489,University of Scranton,Scranton
490,Norwich University,Northfield
491,University of Southern Indiana,Evansville
492,Rollins College,Winter Park
493,Pacific Lutheran University,Tacoma
494,Frostburg State University,Frostburg ...
495,Delaware State University,Dover
496,Louisiana Tech University,Ruston
497,The University of Tampa,Tampa
498,Metropolitan State University of Denver,Denver
499,Texas Woman's University,Denton ...
500,University of Arkansas for Medical Sciences,Little Rock
501,National Defense University,Fort Lesley J McNair
502,Gustavus Adolphus College,St. Peter
503,Sweet Briar College,Sweet Briar
504,Agnes Scott College,Decatur
505,Troy University,Troy ...
506,Siena College,Loudonville
507,Fort Hays State University,Hays
508,Valdosta State University,Valdosta
509,SUNY Geneseo,Geneseo
510,Florida Agricultural and Mechanical University,Tallahassee
511,University of New England,Biddeford ...
512,California Institute of the Arts,Valencia
513,Touro College,New York City ...
514,Seton Hill University,Greensburg
515,Elmhurst University,Elmhurst
516,Emporia State University,Emporia
517,University of Hartford,West Hartford
518,School of the Art Institute of Chicago,Chicago
519,University of Wisconsin-Stout,Menomonie
520,Kean University,Union ...
521,Illinois Wesleyan University,Bloomington
522,"California State University, Monterey Bay",Seaside
523,Wabash College,Crawfordsville
524,Lawrence University,Appleton
525,Morehouse College,Atlanta
526,Lesley University,Cambridge ...
527,Hamline University,Saint Paul
528,St. Catherine University,Saint Paul
529,Louisiana State University Health Sciences Center,New Orleans ...
530,Claremont McKenna College,Claremont
531,Rhodes College,Memphis
532,Texas Tech University Health Sciences Center,Lubbock ...
533,Western Oregon University,Monmouth
534,Spelman College,Atlanta
535,Sewanee: The University of the South,Sewanee
536,Icahn School of Medicine at Mount Sinai,New York City
537,Coastal Carolina University,Conway ...
538,Muhlenberg College,Allentown
539,Berea College,Berea
540,Maryland Institute College of Art,Baltimore
541,William Paterson University,Wayne
542,The College of Wooster,Wooster
543,Salisbury University,Salisbury
544,Tuskegee University,Tuskegee
545,Southern Oregon University,Ashland ...
546,California Lutheran University,Thousand Oaks
547,SUNY College at Oneonta,Oneonta
548,Southern Utah University,Cedar City
549,North Carolina Central University,Durham
550,Golden Gate University,San Francisco ...
551,University of Puget Sound,Tacoma
552,University of Hawaii at Manoa,Honolulu
553,Virginia Military Institute,Lexington
554,St. Edward's University,Austin
555,Bryant University,Smithfield
556,Southeast Missouri State University,Cape Girardeau
557,Goucher College,Towson
558,Murray State University,Murray ...
559,Roger Williams University,Bristol
560,Denison University,Granville
561,Northeastern Illinois University,Chicago
562,Roosevelt University,Chicago ...
563,High Point University,High Point
564,The State University of New York at Potsdam,Potsdam
565,Winthrop University,Rock Hill
566,Southeastern Louisiana University,Hammond
567,St. Lawrence University,Canton
568,New York Institute of Technology,Old Westbury ...
569,Georgia College and State University,Milledgeville ...
570,The University of Oklahoma Health Sciences Center,Oklahoma City
571,Alfred University,Alfred
572,Millersville University of Pennsylvania,Millersville
573,Augsburg University,Minneapolis
574,Elizabethtown College,Elizabethtown
575,La Salle University,Philadelphia
576,Lake Superior State University,Sault Ste. Marie
577,California College of the Arts,San Francisco ...
578,Oral Roberts University,Tulsa
579,"Hunter College, CUNY",New York City
580,SUNY Upstate Medical University,Syracuse
581,Bloomsburg University of Pennsylvania,Bloomsburg
582,University of Mississippi Medical Center,Jackson
583,University of La Verne,La Verne ...
584,Bluffton University,Bluffton
585,Pittsburg State University,Pittsburg
586,Sacred Heart University,Fairfield ...
587,Sarah Lawrence College,Bronxville
588,St. Bonaventure University,St. Bonaventure
589,SUNY Downstate Medical Center,Brooklyn
590,University of Portland,Portland
591,"The Citadel, The Military College of South Carolina",Charleston
592,Minneapolis College of Art and Design,Minneapolis
593,Capital University,Columbus
594,Minnesota State University Moorhead,Moorhead
595,Barry University,Miami ...
596,University of South Alabama,Mobile
597,Beloit College,Beloit
598,Saint Mary's College of California,Moraga
599,Messiah University,Mechanicsburg
600,Mills College,Oakland
601,Longwood University,Farmville
602,Austin Peay State University,Clarksville
603,Carson-Newman University,Jefferson City
604,University of Nebraska at Kearney,Kearney
605,Baldwin Wallace University,Berea
606,Arcadia University,Glenside
607,Saint Michael's College,Colchester ...
608,California Institute of Integral Studies,San Francisco
609,The University of Texas at Tyler,Tyler ...
610,SUNY Empire State College,Saratoga Springs
611,St Petersburg College,Clearwater
612,Milwaukee School of Engineering,Milwaukee
613,Bellevue University,Bellevue ...
614,Texas A&M University-Commerce,Commerce
615,Gordon College,Wenham ...
616,The College at Brockport,Brockport
617,Saint Anselm College,Manchester
618,Saint Leo University,Saint Leo ...
619,Regis University,Denver
620,Santa Fe College,Gainesville
621,Kettering University,Flint
622,Hampton University,Hampton
623,SUNY Polytechnic Institute,Utica
624,Luther College,Decorah
625,Hendrix College,Conway
626,Christopher Newport University,Newport News
627,Jackson State University,Jackson
628,Ohio Wesleyan University,Delaware ...
629,State University of New York at Fredonia,Fredonia
630,Bellarmine University,Louisville
631,Bethel University,Saint Paul ...
632,"Purchase College, State University of New York",Purchase
633,St. Mary's University,San Antonio
634,"Wheaton College, Massachusetts",Norton
635,South University,Savannah
636,George Fox University,Newberg
637,Harding University,Searcy ...
638,Ashland University,Ashland
639,Southern Connecticut State University,New Haven
640,University of Detroit Mercy,Detroit
641,University of Redlands,Redlands
642,California State University Channel Islands,Camarillo
643,Albion College,Albion
644,Dominican University of California,San Rafael
645,Campbell University,Buies Creek
646,Southwestern University,Georgetown
647,Wilkes University,Wilkes-Barre
648,Western Connecticut State University,Danbury
649,University of Wisconsin-Platteville,Platteville
650,University of Southern Maine,Portland ...
651,Canisius College,Buffalo
652,Hood College,Frederick
653,Le Moyne College,Syracuse
654,University of North Carolina at Asheville,Asheville
655,Hawaii Pacific University,Honolulu
656,Washington College,Chestertown
657,University of New Haven,West Haven ...
658,Clark Atlanta University,Atlanta
659,John Carroll University,University Heights
660,Columbia College,Columbia
661,Northwest Missouri State University,Maryville ...
662,University of Central Oklahoma,Edmond
663,New Jersey City University,Jersey City
664,University of North Carolina at Pembroke,Pembroke
665,"California State University, Bakersfield",Bakersfield
666,The University of the Arts,Philadelphia
667,Texas Southern University,Houston
668,South Dakota School of Mines and Technology,Rapid City
669,Kutztown University of Pennsylvania,Kutztown
670,Augustana College,Rock Island
671,New York Law School,New York City
672,Salem State University,Salem
673,The College of St. Scholastica,Duluth ...
674,Fayetteville State University,Fayetteville
675,The University of Tennessee Health Science Center,Memphis
676,Northeastern State University,Tahlequah
677,State University of New York College at Plattsburgh,Plattsburgh ...
678,Uniformed Services University of the Health Sciences,Bethesda
679,University of Houston-Downtown,Houston
680,Jacksonville State University,Jacksonville
681,Ramapo College of New Jersey,Mahwah
682,Colorado Technical University,Colorado Springs ...
683,Ohio Northern University,Ada
684,University of Bridgeport,Bridgeport ...
685,University of Central Missouri,Warrensburg
686,University of Mary Hardin-Baylor,Belton
687,Knox College,Galesburg ...
688,Carthage College,Kenosha
689,Brigham Young University-Hawaii,Laie
690,Mercy College,Dobbs Ferry
691,Bennington College,Bennington
692,Winona State University,Winona
693,Lipscomb University,Nashville
694,Roanoke College,Salem
695,Goshen College,Goshen
696,Lawrence Technological University,Southfield
697,University of Indianapolis,Indianapolis
698,Jacksonville University,Jacksonville
699,University of the Incarnate Word,San Antonio
700,Shenandoah University,Winchester
701,Bastyr University,Kenmore
702,Franklin University,Columbus ...
703,Pennsylvania Academy of the Fine Arts,Philadelphia
704,University of North Georgia,Dahlonega
705,Lander University,Greenwood
706,Colorado Christian University,Lakewood
707,Manhattan College,Riverdale
708,Slippery Rock University of Pennsylvania,Slippery Rock
709,University of Findlay,Findlay
710,Providence College,Providence
711,Vermont Law School,South Royalton
712,Eastern Virginia Medical School,Norfolk
713,Allegheny College,Meadville
714,Benedictine University,Lisle
715,Point Loma Nazarene University,San Diego ...
716,Eckerd College,Saint Petersburg ...
717,University of Houston-Clear Lake,Houston ...
718,University of Wisconsin-River Falls,River Falls
719,Berry College,Mount Berry
720,University of North Alabama,Florence
721,United States Merchant Marine Academy,Kings Point ...
722,Fort Lewis College,Durango
723,National Louis University,Chicago ...
724,Bob Jones University,Greenville
725,Cornell College,Mount Vernon
726,Ursinus College,Collegeville
727,Saginaw Valley State University,University Center
728,Keene State College,Keene
729,Dakota State University,Madison ...
730,St. Norbert College,De Pere
731,Washburn University,Topeka
732,Chatham University,Pittsburgh
733,Bellevue College,Bellevue
734,Columbus State University,Columbus
735,Olivet Nazarene University,Bourbonnais
736,Davenport University,Grand Rapids ...
737,Assumption College,Worcester
738,Augustana University,Sioux Falls
739,Niagara University,Niagara University
740,New England College,Henniker ...
741,Drury University,Springfield ...
742,Wofford College,Spartanburg
743,Dominican University,River Forest
744,Naropa University,Boulder
745,Arkansas Tech University,Russellville
746,"Concordia University, St. Paul",Saint Paul
747,McDaniel College,Westminster ...
748,Dixie State University,St. George
749,Cambridge College,Boston ...
750,Mississippi College,Clinton ...
751,Indiana Wesleyan University,Marion
752,Otis College of Art and Design,Los Angeles
753,Concordia University Wisconsin,Mequon
754,Susquehanna University,Selinsgrove
755,Florida Southern College,Lakeland
756,Texas A&M University-Kingsville,Kingsville
757,Lewis University,Romeoville
758,Florida State College at Jacksonville,Jacksonville
759,Springfield College,Springfield
760,University of the District of Columbia,Washington
761,College of Southern Nevada,Las Vegas
762,Utica College,Utica
763,Franklin W. Olin College of Engineering,Needham
764,St. Mary's College of Maryland,St. Mary's City
765,University of Wisconsin-Parkside,Kenosha
766,Brooklyn Law School,Brooklyn
767,Midwestern University,Downers Grove ...
768,Whittier College,Whittier
769,Westmont College,Santa Barbara
770,Clarion University of Pennsylvania,Clarion
771,Palm Beach State College,Lake Worth
772,Marymount University,Arlington
773,Oklahoma City University,Oklahoma City
774,Park University,Parkville ...
775,Wentworth Institute of Technology,Boston
776,St. John Fisher College,Rochester
777,Scripps College,Claremont
778,Massachusetts College of Art and Design,Boston
779,Oregon Institute of Technology,Klamath Falls
780,Juniata College,Huntingdon
781,North Park University,Chicago
782,Angelo State University,San Angelo
783,Tarleton State University,Stephenville ...
784,Midwestern State University,Wichita Falls
785,University of Michigan-Flint,Flint ...
786,SIT Graduate Institute,Brattleboro
787,Montana Tech,Butte
788,Texas A&M International University,Laredo
789,Regis College,Weston
790,Morehouse School of Medicine,Atlanta
791,Kalamazoo College,Kalamazoo
792,Queens University of Charlotte,Charlotte
793,Western New England University,Springfield ...
794,Flagler College,St. Augustine ...
795,Wartburg College,Waverly
796,Norfolk State University,Norfolk
797,Bank Street College of Education,New York City
798,University of Dallas,Irving
799,Grove City College,Grove City
800,Southern University and A&M College,Baton Rouge
801,Marietta College,Marietta
802,Salve Regina University,Newport ...
803,Morehead State University,Morehead ...
804,Virginia State University,Petersburg
805,Fisk University,Nashville
806,Pennsylvania College of Technology,Williamsport
807,Linfield University,McMinnville ...
808,King University,Bristol
809,St John's College,Annapolis ...
810,St. Thomas University,Miami Gardens
811,Governors State University,University Park
812,Stonehill College,Easton
813,Eastern Mennonite University,Harrisonburg ...
814,Baker College,Flint ...
815,Ringling College of Art and Design,Sarasota
816,Colorado Mesa University,Grand Junction
817,Oglethorpe University,Atlanta
818,Moravian College,Bethlehem
819,Washington & Jefferson College,Washington
820,Lourdes University,Sylvania
821,King's College,Wilkes-Barre
822,Kentucky State University,Frankfort
823,York College of Pennsylvania,York
824,Seminole State College of Florida,Sanford
825,Xavier University of Louisiana,New Orleans
826,Westminster College,Salt Lake City
827,Auburn University at Montgomery,Montgomery
828,Iona College,New Rochelle
829,Otterbein University,Westerville
830,California Baptist University,Riverside ...
831,Alliant International University,San Diego ...
832,Lindenwood University,St. Charles
833,Western University of Health Sciences,Pomona
834,Quincy University,Quincy
835,Chicago State University,Chicago
836,Keck Graduate Institute,Claremont
837,Indiana University South Bend,South Bend ...
838,Union University,Jackson
839,University of Louisiana at Monroe,Monroe
840,Louisiana State University in Shreveport,Shreveport ...
841,Bowie State University,Bowie
842,Central Methodist University,Fayette
843,Muskingum University,New Concord
844,South Carolina State University,Orangeburg
845,North Central College,Naperville ...
846,Bemidji State University,Bemidji
847,The American College of Financial Services,Bryn Mawr
848,Meredith College,Raleigh
849,Gannon University,Erie
850,Northern State University,Aberdeen
851,Prairie View A&M University,Prairie View ...
852,Centre College,Danville
853,"Baruch College, CUNY",New York City
854,Husson University,Bangor
855,Taylor University,Upland ...
856,Voorhees College,Denmark
857,Texas A&M University at Galveston,Galveston
858,Clayton State University,Morrow
859,Eastern New Mexico University,Portales
860,Concordia University Irvine,Irvine
861,Concordia College,Moorhead
862,St. Ambrose University,Davenport
863,Wittenberg University,Springfield
864,Capitol Technology University,Laurel
865,Edinboro University of Pennsylvania,Edinboro
866,Curtis Institute of Music,Philadelphia
867,Robert Morris University,Moon Township ...
868,Lincoln University,Lincoln University
869,Ottawa University,Ottawa ...
870,Northwest Nazarene University,Nampa
871,ECPI University,Virginia Beach
872,Northwestern State University of Louisiana,Natchitoches
873,University of Lynchburg,Lynchburg
874,Penn State College of Medicine,Hershey
875,Hartwick College,Oneonta
876,Gwynedd Mercy University,Gwynedd Valley
877,Eastern Connecticut State University,Willimantic
878,Southeastern University,Lakeland
879,"Westminster College, Pennsylvania",New Wilmington
880,Lebanon Valley College,Annville
881,Manhattan School of Music,New York City
882,Montana State University Billings,Billings
883,Christian Brothers University,Memphis
884,Saint Mary's University of Minnesota,Winona ...
885,Eastern Oregon University,La Grande
886,Lake Forest College,Lake Forest
887,University of North Carolina School of the Arts,Winston-Salem
888,Alabama State University,Montgomery
889,Indiana University Southeast,New Albany
890,Lynn University,Boca Raton
891,Carroll University,Waukesha ...
892,East Stroudsburg University,East Stroudsburg
893,Lincoln Memorial University,Harrogate
894,Dordt University,Sioux Center
895,University of Mary,Bismarck
896,Alabama A&M University,Huntsville
897,Manhattanville College,Purchase
898,New England Conservatory,Boston
899,City University of Seattle,Seattle ...
900,Central College,Pella
901,Mayo Clinic College of Medicine and Science,Rochester
902,Baker University,Baldwin City
903,University of Wisconsin-Superior,Superior
904,Guilford College,Greensboro
905,Charleston Southern University,Charleston
906,Eastern University,St. Davids
907,Sterling College,Sterling
908,San Francisco Art Institute,San Francisco
909,Nazareth College,Rochester
910,Mercyhurst University,Erie
911,Spring Hill College,Mobile
912,Southern Adventist University,Collegedale
913,Point Park University,Pittsburgh
914,Spring Arbor University,Spring Arbor
915,College for Creative Studies,Detroit
916,Seattle Central College,Seattle
917,John Brown University,Siloam Springs
918,Marian University,Indianapolis
919,Lycoming College,Williamsport
920,Wilmington University,New Castle ...
921,Transylvania University,Lexington
922,Hampden-Sydney College,Hampden-Sydney
923,Austin College,Sherman
924,McNeese State University,Lake Charles
925,Winston-Salem State University,Winston-Salem
926,Belhaven University,Jackson
927,Farmingdale State College,Farmingdale
928,Coe College,Cedar Rapids
929,Delta State University,Cleveland
930,Western Colorado University,Gunnison
931,Brooklyn College,Brooklyn
932,American International College,Springfield
933,Warren Wilson College,Swannanoa
934,DeSales University,Center Valley
935,Saint Xavier University,Chicago
936,Southwestern Law School,Los Angeles
937,Rosemont College,Rosemont
938,"Anderson University, Indiana",Anderson ...
939,Endicott College,Beverly
940,Paul Smith's College,Paul Smiths
941,Ripon College,Ripon
942,Lewis-Clark State College,Lewiston ...
943,Centenary College of Louisiana,Shreveport
944,Metropolitan State University,Saint Paul
945,Grambling State University,Grambling
946,Dillard University,New Orleans
947,"The Graduate Center, CUNY",New York City
948,Lee University,Cleveland
949,Concordia University Texas,Austin
950,Saint Mary's College,Notre Dame ...
951,Berkeley College,New York City ...
952,California University of Pennsylvania,California
953,Hollins University,Roanoke
954,The College of Saint Rose,Albany
955,Bennett College,Greensboro
956,Pacific Union College,Angwin
957,The University of West Alabama,Livingston
958,Keiser University,Fort Lauderdale
959,Gardner-Webb University,Boiling Springs ...
960,Millikin University,Decatur
961,Moody Bible Institute,Chicago
962,Mitchell Hamline School of Law,Saint Paul
963,Mount St. Joseph University,Cincinnati
964,Cameron University,Lawton ...
965,Fresno Pacific University,Fresno ...
966,Walsh University,North Canton
967,Western New Mexico University,Silver City
968,Aurora University,Aurora ...
969,Rogers State University,Claremore
970,Saint Vincent College,Latrobe
971,Wagner College,Staten Island
972,Simpson College,Indianola
973,Manchester University,North Manchester ...
974,Buena Vista University,Storm Lake
975,South Texas College of Law,Houston
976,Shepherd University,Shepherdstown
977,Alvernia University,Reading
978,Merrimack College,North Andover
979,LeTourneau University,Longview
980,The Sage Colleges,Troy ...
981,Rush University,Chicago
982,University of Maine at Machias,Machias
983,New College of Florida,Sarasota
984,Adams State University,Alamosa
985,Tougaloo College,Tougaloo ...
986,Buffalo State College,Buffalo
987,MCPHS University,Boston ...
988,Whitworth University,Spokane
989,Notre Dame of Maryland University,Baltimore
990,Woodbury University,Burbank ...
991,Bethune-Cookman University,Daytona Beach
992,Framingham State University,Framingham
993,Trinity Washington University,Washington
994,Walla Walla University,College Place
995,Saint Francis University,Loretto
996,Mount St. Mary's University,Emmitsburg ...
997,Unity College,Unity
998,Molloy College,Rockville Centre
999,Southwestern College,Winfield
1000,Alfred State College,Alfred
1001,University of St. Thomas,Houston
1002,Alma College,Alma
1003,Edgewood College,Madison
1004,Grace College,Winona Lake ...
1005,Oklahoma Christian University,Edmond ...
1006,Chadron State College,Chadron
1007,Hiram College,Hiram
1008,Henderson State University,Arkadelphia
1009,Bridgewater College,Bridgewater
1010,D'Youville College,Buffalo
1011,Alverno College,Milwaukee
1012,Saint Martin's University,Lacey
1013,California State University Maritime Academy,Vallejo
1014,Doane University,Crete
1015,Northwood University,Midland ...
1016,Herzing University,Madison
1017,Aquinas College,Grand Rapids
1018,University of South Carolina-Upstate,Spartanburg
1019,Post University,Waterbury
1020,Morrisville State College,Morrisville
1021,Emmanuel College,Boston
1022,Columbus College of Art and Design,Columbus
1023,Albany Medical College,Albany
1024,Upper Iowa University,Fayette ...
1025,Chaminade University of Honolulu,Honolulu
1026,Southeastern Oklahoma State University,Durant
1027,The University of Texas Permian Basin,Odessa
1028,Monroe College,The Bronx ...
1029,New York Medical College,Valhalla
1030,Boston Architectural College,Boston
1031,Malone University,Canton
1032,Marywood University,Scranton
1033,The City College of New York,New York City
1034,Southwestern Oklahoma State University,Weatherford ...
1035,Stevenson University,Stevenson ...
1036,University of St. Francis,Joliet
1037,Geneva College,Beaver Falls
1038,University of South Carolina-Aiken,Aiken
1039,Evangel University,Springfield
1040,New Mexico Highlands University,Las Vegas
1041,Vincennes University,Vincennes
1042,University of North Texas Health Science Center,Fort Worth
1043,Purdue University Northwest,Hammond
1044,San Francisco Conservatory of Music,San Francisco
1045,Ferrum College,Ferrum
1046,Life University,Marietta
1047,North Carolina Wesleyan College,Rocky Mount ...
1048,Wayne State College,Wayne
1049,Carroll College,Helena
1050,Nicholls State University,Thibodaux
1051,United States Coast Guard Academy,New London
1052,Ouachita Baptist University,Arkadelphia
1053,Coppin State University,Baltimore
1054,Black Hills State University,Spearfish
1055,Francis Marion University,Florence
1056,John Jay College of Criminal Justice,New York City
1057,Hardin-Simmons University,Abilene
1058,McKendree University,Lebanon
1059,University of the Sciences in Philadelphia,Philadelphia
1060,Southern California Institute of Architecture,Los Angeles
1061,A.T. Still University,Kirksville ...
1062,University of Hawaii at Hilo,Hilo
1063,"Lincoln University, Missouri",Jefferson City
1064,Southwest Minnesota State University,Marshall
1065,Trinity International University,Deerfield ...
1066,Greenville University,Greenville
1067,Saint Peter's University,Jersey City
1068,Cornerstone University,Grand Rapids
1069,Bard College at Simon's Rock,Great Barrington
1070,Southern Nazarene University,Bethany ...
1071,Fitchburg State University,Fitchburg
1072,University of Dubuque,Dubuque
1073,New England Institute of Technology,East Greenwich
1074,Faulkner University,Montgomery
1075,Maine College of Art,Portland
1076,Presbyterian College,Clinton
1077,Indiana University Northwest,Gary
1078,Rockhurst University,Kansas City
1079,Cardinal Stritch University,Milwaukee
1080,Elmira College,Elmira
1081,Daytona State College,Daytona Beach
1082,Houghton College,Houghton ...
1083,Nebraska Wesleyan University,Lincoln ...
1084,Soka University of America,Aliso Viejo
1085,Asbury University,Wilmore
1086,Pfeiffer University,Misenheimer
1087,Fielding Graduate University,Santa Barbara
1088,Heidelberg University,Tiffin
1089,Daemen College,Amherst
1090,Campbellsville University,Campbellsville
1091,State College of Florida-Manatee-Sarasota,Bradenton
1092,National American University,Rapid City ...
1093,University of Montevallo,Montevallo
1094,Northland College,Ashland
1095,Mississippi University for Women,Columbus
1096,University of Sioux Falls,Sioux Falls
1097,Immaculata University,Immaculata ...
1098,SUNY Maritime College,Throggs Neck
1099,Shorter University,Rome
1100,Bethel College,North Newton
1101,Curry College,Milton
1102,SUNY College at Old Westbury,Old Westbury
1103,Albany State University,Albany
1104,Missouri Southern State University,Joplin
1105,Massachusetts College of Liberal Arts,North Adams
1106,Worcester State University,Worcester
1107,Neumann University,Aston
1108,Rivier University,Nashua
1109,East Central University,Ada
1110,Southern Arkansas University,Magnolia
1111,Northwestern College,Orange City
1112,Carlow University,Pittsburgh
1113,Georgian Court University,Lakewood
1114,University of Maryland Eastern Shore,Princess Anne
1115,Brenau University,Gainesville
1116,Des Moines University,Des Moines
1117,Cedar Crest College,Allentown
1118,Goddard College,Plainfield ...
1119,University of Houston-Victoria,Victoria
1120,Mansfield University of Pennsylvania,Mansfield
1121,Columbia International University,Columbia
1122,Mount Saint Mary College,Newburgh
1123,Dallas Baptist University,Dallas
1124,Cleveland Institute of Art,Cleveland
1125,Nichols College,Dudley
1126,University of Saint Joseph,West Hartford
1127,Clarke University,Dubuque
1128,Lasell University,Newton
1129,University of the Cumberlands,Williamsburg
1130,Wisconsin Lutheran College,Milwaukee
1131,Savannah State University,Savannah
1132,Houston Baptist University,Houston
1133,Catawba College,Salisbury
1134,Samuel Merritt University,Oakland
1135,"Concordia University, Nebraska",Seward
1136,Johnson C. Smith University,Charlotte
1137,West Coast University-Los Angeles,North Hollywood
1138,Meharry Medical College,Nashville
1139,Franciscan University of Steubenville,Steubenville
1140,Cornish College of the Arts,Seattle
1141,Delaware Valley University,Doylestown
1142,Concordia University Chicago,River Forest
1143,Prescott College,Prescott
1144,American Jewish University,Los Angeles ...
1145,Converse College,Spartanburg
1146,SUNY Cobleskill,Cobleskill
1147,Thomas Aquinas College,Santa Paula
1148,Trevecca Nazarene University,Nashville
1149,Alaska Pacific University,Anchorage
1150,Texas Wesleyan University,Fort Worth
1151,Graceland University,Lamoni
1152,Shawnee State University,Portsmouth
1153,Judson University,Elgin ...
1154,Waldorf University,Forest City
1155,Minot State University,Minot
1156,Adrian College,Adrian
1157,Florida SouthWestern State College,Fort Myers
1158,Wells College,Aurora
1159,Viterbo University,La Crosse
1160,SUNY Canton,Canton
1161,Northern Vermont University,Johnson ...
1162,Concordia College-New York,Bronxville
1163,Chestnut Hill College,Philadelphia
1164,Talladega College,Talladega
1165,William Carey University,Hattiesburg ...
1166,Colorado State University-Pueblo,Pueblo ...
1167,Chamberlain University,Addison ...
1168,MidAmerica Nazarene University,Olathe
1169,Wayland Baptist University,Plainview ...
1170,Athens State University,Athens
1171,Brandman University,Irvine
1172,Benedictine College,Atchison
1173,Rocky Mountain College,Billings
1174,Menlo College,Atherton ...
1175,Albany Law School,Albany
1176,Palm Beach Atlantic University,West Palm Beach ...
1177,Montreat College,Montreat ...
1178,Roberts Wesleyan College,Rochester
1179,Caldwell University,Caldwell
1180,Lees-McRae College,Banner Elk
1181,The Master's University,Santa Clarita
1182,Maine Maritime Academy,Castine
1183,Spalding University,Louisville
1184,Central State University,Wilberforce
1185,West Virginia State University,Institute
1186,College of the Atlantic,Bar Harbor
1187,Middle Georgia State University,Macon
1188,Bay Path University,Longmeadow
1189,Southwestern Adventist University,Keene
1190,Adler University,Chicago ...
1191,Fort Valley State University,Fort Valley
1192,Polk State College,Winter Haven
1193,Friends University,Wichita ...
1194,California Western School of Law,San Diego
1195,Oklahoma Baptist University,Shawnee
1196,Cheyney University of Pennsylvania,Cheyney
1197,Brevard College,Brevard
1198,Albright College,Reading
1199,Our Lady of the Lake University,San Antonio
1200,New England Law | Boston,Boston
1201,Illinois College,Jacksonville
1202,Stephens College,Columbia
1203,Cabrini University,Radnor
1204,La Sierra University,Riverside
1205,Missouri Western State University,St. Joseph
1206,Birmingham-Southern College,Birmingham
1207,College of the Ozarks,Point Lookout
1208,Oklahoma Wesleyan University,Bartlesville
1209,Lindsey Wilson College,Columbia
1210,Avila University,Kansas City
1211,Mount Mercy University,Cedar Rapids
1212,The Institute of World Politics,Washington
1213,Claflin University,Orangeburg
1214,Bryan College,Dayton ...
1215,Huntington University,Huntington ...
1216,Morningside College,Sioux City
1217,Methodist University,Fayetteville
1218,University of Mount Union,Alliance
1219,Wilson College,Chambersburg
1220,St. Joseph's College,Brooklyn ...
1221,Colby-Sawyer College,New London
1222,Randolph-Macon College,Ashland
1223,LIM College,New York City
1224,Virginia Union University,Richmond
1225,University of Science and Arts of Oklahoma,Chickasha
1226,"Queens College, City University of New York",New York City
1227,Ave Maria University,Ave Maria
1228,University of Northwestern - St. Paul,Saint Paul ...
1229,Franklin Pierce University,Rindge ...
1230,Fairmont State University,Fairmont
1231,Eureka College,Eureka ...
1232,Harrisburg University of Science and Technology,Harrisburg
1233,Averett University,Danville ...
1234,National University of Health Sciences,Lombard ...
1235,William Jewell College,Liberty
1236,Concord University,Athens
1237,University of Advancing Technology,Tempe
1238,Huntingdon College,Montgomery
1239,University of South Carolina-Beaufort,Bluffton
1240,Trine University,Angola
1241,Freed-Hardeman University,Henderson
1242,Rosalind Franklin University of Medicine and Science,North Chicago
1243,Snow College,Ephraim
1244,Moore College of Art and Design,Philadelphia
1245,Franklin College,Franklin
1246,Tusculum University,Greeneville
1247,Madonna University,Livonia ...
1248,University of Silicon Valley,San Jose ...
1249,University of Charleston,Charleston
1250,United States Sports Academy,Daphne
1251,Northwest University,Kirkland ...
1252,South Texas College,McAllen
1253,Massachusetts Maritime Academy,Buzzards Bay
1254,Wheeling University,Wheeling
1255,Tiffin University,Tiffin ...
1256,Thomas More University,Crestview Hills
1257,Bryant and Stratton College,Buffalo ...
1258,Georgia Southwestern State University,Americus
1259,Millsaps College,Jackson
1260,Lakeland University,Plymouth
1261,Loras College,Dubuque
1262,Medaille College,Buffalo
1263,Logan University,Chesterfield
1264,Barton College,Wilson
1265,Kansas City Art Institute,Kansas City
1266,Cleveland Institute of Music,Cleveland
1267,University of Alaska Southeast,Juneau ...
1268,Castleton University,Castleton
1269,Dalton State College,Dalton
1270,Northeast Ohio Medical University,Rootstown
1271,Trinity Christian College,Palos Heights
1272,Erskine College,Due West
1273,Indiana Institute of Technology,Fort Wayne ...
1274,Texas Lutheran University,Seguin
1275,Bloomfield College,Bloomfield
1276,Randolph College,Lynchburg
1277,Wilmington College,Wilmington
1278,Anderson University,Anderson
1279,Oakwood University,Huntsville
1280,Crown College,St. Bonifacius ...
1281,Lancaster Bible College,Lancaster
1282,Elizabeth City State University,Elizabeth City
1283,Peru State College,Peru
1284,Pine Manor College,Chestnut Hill
1285,Holy Names University,Oakland
1286,"York College, City University of New York",Jamaica
1287,University of Health Sciences and Pharmacy in St. Louis,St. Louis
1288,MGH Institute of Health Professions,Boston
1289,Langston University,Langston
1290,John F. Kennedy University,Pleasant Hill ...
1291,Mount Mary University,Milwaukee
1292,Midway University,Midway
1293,The College of Idaho,Caldwell
1294,University of Arkansas at Monticello,Monticello
1295,University of Arkansas at Pine Bluff,Pine Bluff
1296,"Westminster College, Missouri",Fulton
1297,Georgia Gwinnett College,Lawrenceville
1298,Missouri Baptist University,St. Louis
1299,North Greenville University,Tigerville
1300,Misericordia University,Dallas
1301,Piedmont College,Demorest
1302,Milligan University,Elizabethton ...
1303,Mississippi Valley State University,Itta Bena
1304,Notre Dame College,Cleveland
1305,Florida Memorial University,Miami Gardens
1306,Hastings College,Hastings
1307,Dean College,Franklin
1308,Thomas Edison State University,Trenton
1309,East Texas Baptist University,Marshall
1310,SUNY Delhi,Delhi
1311,Southern Virginia University,Buena Vista
1312,McMurry University,Abilene
1313,Eastern Nazarene College,Quincy
1314,Dakota Wesleyan University,Mitchell
1315,Louisiana College,Pineville
1316,Newman University,Wichita ...
1317,Mount Aloysius College,Cresson
1318,"Columbia College, South Carolina",Columbia
1319,Thomas Jefferson School of Law,San Diego
1320,Ohio Dominican University,Columbus
1321,Sierra Nevada University,Incline Village
1322,Lubbock Christian University,Lubbock
1323,Benedict College,Columbia
1324,Hodges University,Naples
1325,Mary Baldwin University,Staunton
1326,University of St. Augustine for Health Sciences,San Marcos ...
1327,Bluefield College,Bluefield
1328,Lake Washington Institute of Technology,Kirkland
1329,Great Basin College,Elko ...
1330,Bethany College,Bethany
1331,University of Pikeville,Pikeville
1332,Howard Payne University,Brownwood
1333,Huston-Tillotson University,Austin
1334,Vanguard University of Southern California,Costa Mesa ...
1335,Kansas City University,Kansas City
1336,Virginia Wesleyan University,Virginia Beach
1337,University of Maine at Augusta,Augusta
1338,"New York City College of Technology, CUNY",Brooklyn
1339,Tabor College,Hillsboro
1340,Grand View University,Des Moines
1341,Palo Alto University,Palo Alto
1342,Limestone College,Gaffney
1343,Briar Cliff University,Sioux City
1344,Southern University at New Orleans,New Orleans
1345,Northwestern Health Sciences University,Bloomington
1346,Valley City State University,Valley City
1347,Warner Pacific College,Portland
1348,Walsh College,Troy
1349,NewSchool of Architecture and Design,San Diego
1350,Defiance College,Defiance
1351,William Peace University,Raleigh
1352,University of Northwestern Ohio,Lima
1353,Milwaukee Institute of Art and Design,Milwaukee
1354,Keystone College,La Plume
1355,Lenoir-Rhyne University,Hickory
1356,Waynesburg University,Waynesburg
1357,Alcorn State University,Lorman
1358,Newberry College,Newberry
1359,Saint Augustine's University,Raleigh
1360,Goldey-Beacom College,Wilmington
1361,Thomas College,Waterville
1362,Saint Mary-of-the-Woods College,Saint Mary of the Woods
1363,Southwest Baptist University,Bolivar ...
1364,McPherson College,McPherson
1365,Louisiana State University of Alexandria,Alexandria
1366,Anna Maria College,Paxton
1367,Finlandia University,Hancock
1368,Rocky Mountain College of Art and Design,Lakewood
1369,Keuka College,Keuka Park
1370,Covenant College,Lookout Mountain
1371,Edward Waters College,Jacksonville
1372,Gulf Coast State College,Panama City
1373,Vermont Technical College,Randolph
1374,University of Mobile,Mobile
1375,Paine College,Augusta
1376,Kentucky Wesleyan College,Owensboro
1377,College of Our Lady of the Elms,Chicopee
1378,Charles R. Drew University of Medicine and Science,Los Angeles
1379,LaGrange College,LaGrange
1380,St. Francis College,Brooklyn Heights
1381,Southern Wesleyan University,Central
1382,Hope International University,Fullerton
1383,College of Saint Mary,Omaha
1384,Culver-Stockton College,Canton
1385,Emory & Henry College,Emory ...
1386,University of the Potomac,Washington ...
1387,Nyack College,Nyack
1388,Oklahoma Panhandle State University,Goodwell
1389,College of Mount Saint Vincent,The Bronx
1390,Alice Lloyd College,Pippa Passes
1391,Wesleyan College,Macon ...
1392,Siena Heights University,Adrian
1393,Heritage University,Toppenish
1394,Pacific Northwest College of Art,Portland
1395,William Jessup University,Rocklin ...
1396,Cleary University,Howell ...
1397,Belmont Abbey College,Belmont
1398,Beacon College,Leesburg
1399,Salus University,Elkins Park ...
1400,Dickinson State University,Dickinson
1401,Bismarck State College,Bismarck
1402,University of the Ozarks,Clarksville
1403,Midland College,Midland
1404,Olivet College,Olivet
1405,West Liberty University,West Liberty
1406,The University of Tennessee Southern,Pulaski
1407,La Roche University,Pittsburgh
1408,The University of Texas Health Science Center at Tyler,Tyler
1409,SUNY College of Optometry,New York City
1410,Cazenovia College,Cazenovia
1411,Mars Hill University,Mars Hill
1412,The University of Virginia's College at Wise,Wise
1413,The Chicago School of Professional Psychology,Los Angeles ...
1414,Reinhardt University,Waleska
1415,Mount Vernon Nazarene University,Mount Vernon ...
1416,Coker University,Hartsville
1417,Corban University,Salem
1418,Thiel College,Greenville
1419,MacMurray College,Jacksonville
1420,East Georgia State College,Swainsboro ...
1421,Dominican College,Orangeburg
1422,University of Saint Francis,Fort Wayne ...
1423,Columbia Basin College,Pasco
1424,AdventHealth University,Orlando
1425,Goodwin University,East Hartford
1426,Sul Ross State University,Alpine
1427,Sullivan University,Louisville ...
1428,Multnomah University,Portland ...
1429,Lane College,Jackson
1430,Centenary University,Hackettstown
1431,Mount Saint Mary's University,Los Angeles
1432,Mount Marty University,Yankton
1433,Concordia University Ann Arbor,Ann Arbor
1434,Lyon College,Batesville
1435,Air Force Institute of Technology,Wright-Patterson AFB
1436,University of Arkansas - Fort Smith,Fort Smith
1437,Brescia University,Owensboro
1438,Hebrew College,Newton Centre
1439,Maryville College,Maryville
1440,Montana State University-Northern,Havre ...
1441,Nebraska Methodist College,Omaha
1442,William Woods University,Fulton
1443,Holy Family University,Philadelphia
1444,College of Central Florida,Ocala
1445,Kansas Wesleyan University,Salina
1446,Saint Joseph's College of Maine,Standish ...
1447,Alderson Broaddus University,Philippi
1448,Bethel University,Mishawaka
1449,University of Rio Grande,Rio Grande
1450,College of Staten Island,Staten Island
1451,Hannibal-LaGrange University,Hannibal
1452,University of Maine at Presque Isle,Presque Isle ...
1453,"Marian University, Wisconsin",Fond du Lac
1454,Principia College,Elsah
1455,Vaughn College of Aeronautics and Technology,Flushing
1456,Notre Dame de Namur University,Belmont
1457,Central Penn College,Summerdale
1458,LeMoyne-Owen College,Memphis
1459,Cranbrook Academy of Art,Bloomfield Hills
1460,Hilbert College,Hamburg
1461,The University of Montana Western,Dillon
1462,Toccoa Falls College,Toccoa Falls ...
1463,Montserrat College of Art,Beverly
1464,Martin Luther College,New Ulm
1465,University of Western States,Portland
1466,Fontbonne University,St. Louis
1467,York College,York
1468,West Virginia University at Parkersburg,Parkersburg
1469,"Sterling College, Vermont",Craftsbury Common
1470,Western Nevada College,Carson City
1471,Northwestern Oklahoma State University,Alva ...
1472,West Virginia Wesleyan College,Buckhannon
1473,Becker College,Worcester ...
1474,Clarkson College,Omaha
1475,Wilberforce University,Wilberforce
1476,"Union College, Kentucky",Barbourville
1477,University of Alaska Anchorage,Anchorage
1478,Metropolitan College of New York,New York City
1479,Abraham Baldwin Agricultural College,Tifton
1480,Granite State College,Concord
1481,Florida National University,Hialeah
1482,Parker University,Dallas
1483,Landmark College,Putney
1484,Brewton-Parker College,Mount Vernon
1485,William James College,Newton
1486,Louisiana State University Health Sciences Center-Shreveport,Shreveport
1487,Ohio Christian University,Circleville
1488,Roseman University of Health Sciences,Henderson
1489,William Penn University,Oskaloosa
1490,Pacifica Graduate Institute,Carpinteria ...
1491,Indian River State College,Fort Pierce ...
1492,The King's College,New York City
1493,Centralia College,Centralia
1494,Texas A&M University-San Antonio,San Antonio
1495,Bay State College,Boston ...
1496,Bushnell University,Eugene
1497,Union Institute & University,Cincinnati
1498,Life Pacific College,San Dimas ...
1499,Faith Baptist Bible College and Theological Seminary,Ankeny
1500,Marymount Manhattan College,New York City
1501,Adler Graduate School,Minnetonka
1502,Felician University,Lodi ...
1503,Wingate University,Wingate
1504,Calumet College of St. Joseph,Whiting
1505,Salem College,Winston-Salem
1506,Bluefield State College,Bluefield
1507,Northwest Florida State College,Niceville
1508,St. Thomas Aquinas College,Sparkill
1509,Oakland City University,Oakland City
1510,Mitchell College,New London
1511,Cairn University,Langhorne ...
1512,Massachusetts School of Law,Andover
1513,Davis and Elkins College,Elkins
1514,Maryland University of Integrative Health,Laurel
1515,Saint Elizabeth University,Morristown
1516,Central Baptist College,Conway
1517,Baptist Health Sciences University,Memphis
1518,New York Academy of Art,New York City
1519,Missouri Valley College,Marshall
1520,Rust College,Holly Springs
1521,Cottey College,Nevada
1522,Albertus Magnus College,New Haven
1523,Arizona Christian University,Phoenix
1524,North Central University,Minneapolis
1525,Shaw University,Raleigh
1526,Saybrook University,Pasadena
1527,Livingstone College,Salisbury
1528,Warner University,Lake Wales
1529,Nazarene Bible College,Colorado Springs
1530,Art Academy of Cincinnati,Cincinnati
1531,Mid-America Christian University,Oklahoma City
1532,Gordon State College,Barnesville
1533,Johnson University,Knoxville ...
1534,Criswell College,Dallas
1535,Cumberland University,Lebanon
1536,Amberton University,Garland
1537,Glenville State College,Glenville
1538,Barclay College,Haviland
1539,Midland University,Fremont
1540,Texas A&M University-Texarkana,Texarkana
1541,Boston Graduate School of Psychoanalysis,Brookline ...
1542,Columbia College Hollywood,Tarzana
1543,New York College of Podiatric Medicine,New York City
1544,Northern New Mexico College,Espanola ...
1545,Bacone College,Muskogee
1546,Atlanta Metropolitan State College,Atlanta
1547,Blackburn College,Carlinville
1548,Harris-Stowe State University,St. Louis
1549,Washington Adventist University,Takoma Park
1550,Southwestern Assemblies of God University,Waxahachie
1551,Indiana University East,Richmond
1552,Young Harris College,Young Harris
1553,"Bethel University, Tennessee",McKenzie
1554,University of Jamestown,Jamestown
1555,"Union College, Nebraska",Lincoln
1556,Cleveland University-Kansas City,Overland Park
1557,Brazosport College,Lake Jackson
1558,Schreiner University,Kerrville
1559,Pardee RAND Graduate School,Santa Monica
1560,South College,Knoxville
1561,University of the Southwest,Hobbs
1562,University of Maine at Fort Kent,Fort Kent
1563,Southern College of Optometry,Memphis
1564,Jarvis Christian College,Hawkins
1565,Morris College,Sumter
1566,Touro University California,Vallejo
1567,University of Providence,Great Falls
1568,Truett McConnell University,Cleveland
1569,Holy Cross College,Notre Dame
1570,Texas College,Tyler
1571,Kentucky Christian University,Grayson
1572,Emmaus Bible College,Dubuque
1573,Central Christian College of Kansas,McPherson
1574,Greensboro College,Greensboro
1575,Mayville State University,Mayville
1576,Blue Mountain College,Blue Mountain
1577,Dallas Christian College,Dallas
1578,American Film Institute Conservatory,Los Angeles
1579,Florida College,Temple Terrace
1580,"Bethany College, Kansas",Lindsborg
1581,Everglades University,Boca Raton ...
1582,Simpson University,Redding
1583,Lincoln Christian University,Lincoln
1584,Rockford University,Rockford ...
1585,Miles College,Fairfield
1586,Chowan University,Murfreesboro
1587,Pensacola State College,Pensacola
1588,Manhattan Christian College,Manhattan
1589,New York School of Interior Design,New York City
1590,Southern University Law Center,Baton Rouge
1591,Maranatha Baptist University,Watertown
1592,Marshall B. Ketchum University,Fullerton ...
1593,South Georgia State College,Douglas
1594,Monmouth College,Monmouth
1595,Indiana University Kokomo,Kokomo
1596,Trocaire College,Buffalo
1597,Wiley College,Marshall
1598,Salem University,Salem
1599,Vermont College of Fine Arts,Montpelier
1600,Appalachian College of Pharmacy,Oakwood
1601,Marymount California University,Rancho Palos Verdes
1602,West Virginia School of Osteopathic Medicine,Lewisburg
1603,Mount Carmel College of Nursing,Columbus
1604,Webber International University,Babson Park
1605,Albany College of Pharmacy and Health Sciences,Albany
1606,Ursuline College,Pepper Pike
1607,Lake Erie College,Painesville
1608,University of Saint Mary,Leavenworth ...
1609,Relay Graduate School of Education,New York City
1610,Ozark Christian College,Joplin
1611,Philander Smith College,Little Rock
1612,Villa Maria College,Buffalo
1613,St. Johns River State College,Palatka
1614,Peirce College,Philadelphia
1615,Holy Apostles College and Seminary,Cromwell
1616,Nevada State College,Henderson
1617,Pennsylvania College of Art and Design,Lancaster
1618,Dunwoody College of Technology,Minneapolis
1619,Fisher College,Boston ...
1620,Carolina University,Winston Salem ...
1621,Lincoln College,Lincoln
1622,Conway School of Landscape Design,Northampton
1623,Rochester University,Rochester Hills
1624,College of Coastal Georgia,Brunswick
1625,St Andrews University,Laurinburg
1626,Appalachian Bible College,Mount Hope
1627,Bethany Lutheran College,Mankato
1628,Webb Institute,Glen Cove
1629,Clarks Summit University,Clarks Summit
1630,American Baptist College,Nashville
1631,"Aquinas College, Tennessee",Nashville
1632,Arkansas Baptist College,Little Rock
1633,Kuyper College,Grand Rapids
1634,Judson College,Marion
1635,University of Mount Olive,Mount Olive ...
1636,Mercy College of Ohio,Toledo
1637,Bryn Athyn College,Bryn Athyn
1638,Humphreys University,Stockton
1639,Benjamin Franklin Institute of Technology,Boston
1640,Donnelly College,Kansas City
1641,Lake Forest Graduate School of Management,Lake Forest
1642,University of Valley Forge,Phoenixville
1643,Maria College,Albany
1644,VanderCook College of Music,Chicago
1645,Boricua College,New York City
1646,Oak Hills Christian College,Bemidji
1647,Heritage Christian University,Florence
1648,University of Maine at Farmington,Farmington
1649,Point University,West Point
1650,Alaska Bible College,Palmer
1651,CUNY School of Law,Long Island City
1652,The College of Westchester,White Plains
1653,Stillman College,Tuscaloosa
1654,Memphis College of Art,Memphis
1655,The School of Architecture,Cosanti
1656,Kettering College,Kettering
1657,San Diego Christian College,Santee
1658,Goldfarb School of Nursing at Barnes-Jewish College,St. Louis
1659,Martin University,Indianapolis
1660,Five Towns College,Dix Hills
1661,Mercy College of Health Sciences,Des Moines
1662,Boise Bible College,Boise ...
1663,University of the West,Rosemead
1664,Blessing-Rieman College of Nursing and Health Sciences,Quincy
1665,Ohio Valley University,Vienna
1666,Medgar Evers College,Brooklyn
1667,Gratz College,Melrose Park
1668,Iowa Wesleyan University,Mount Pleasant
1669,Pontifical Faculty of the Immaculate Conception,Washington
1670,Mid-Atlantic Christian University,Elizabeth City
1671,Watkins College of Art,Nashville
1672,Trinity Bible College,Ellendale
1673,Chipola College,Marianna
1674,Trinity College of Florida,Trinity
1675,Pacific Oaks College,Pasadena
1676,Laguna College of Art and Design,Laguna Beach
1677,Presentation College,Aberdeen
1678,Tennessee Wesleyan University,Athens ...
1679,New England College of Optometry,Boston
1680,Cox College,Springfield
1681,Thomas University,Thomasville
1682,Allen College,Waterloo
1683,Thomas More College of Liberal Arts,Merrimack
1684,Calvary University,Kansas City
1685,Westfield State University,Westfield
1686,Williams Baptist University,Walnut Ridge
1687,Magdalen College of the Liberal Arts,Warner
1688,"Emmanuel College, Georgia",Franklin Springs
1689,Sofia University,Palo Alto
1690,San Joaquin College of Law,Clovis
1691,Dharma Realm Buddhist University,Ukiah
1692,God's Bible School and College,Cincinnati
1693,Illinois College of Optometry,Chicago
1694,Allen University,Columbia
1695,Dominican School of Philosophy & Theology,Berkeley
1696,University of Holy Cross,New Orleans
1697,The Wright Institute,Berkeley
1698,Baptist University of the Americas,San Antonio
1699,Rocky Vista University,Parker
1700,Welch College,Gallatin
1701,Southwestern Christian University,Bethany ...
1702,Middle Tennessee School of Anesthesia,Madison
1703,Franciscan Missionaries of Our Lady University,Baton Rouge
1704,Florida Gateway College,Lake City
1705,College of Biblical Studies,Houston ...
1706,Pennsylvania College of Health Sciences,Lancaster
1707,Plaza College,New York City
1708,Grace Christian University,Wyoming
1709,The Baptist College of Florida,Graceville ...
1710,Nebraska Christian College,Papillion
1711,Central Christian College of the Bible,Moberly ...
1712,United States University,San Diego
1713,East-West University,Chicago
1714,Davis College,Johnson City ...
1715,Great Lakes Christian College,Lansing
1716,Oak Point University,Chicago
1717,Rocky Mountain University of Health Professions,Provo
1718,Jamestown Business College,Jamestown
1719,Clear Creek Baptist Bible College,Pineville
1720,"Southwestern College, Santa Fe",Santa Fe
1721,Crowley's Ridge College,Paragould
1722,The King's University,Southlake
1723,Bellin College,Green Bay
1724,Wade College,Dallas
1725,Saint Augustine College,Chicago
1726,Labouré College,Milton
1727,Arlington Baptist University,Arlington
1728,Northpoint Bible College,Haverhill
1729,Bryan College of Health Sciences,Lincoln
1730,John Paul the Great Catholic University,Escondido
1731,Tri-State Bible College,South Point ...
1732,Michigan School of Psychology,Farmington Hills
1733,Ecclesia College,Springdale
1734,Lakeview College of Nursing,Danville
1735,Baptist Bible College,Springfield
1736,Beulah Heights University,Atlanta
1737,St. Louis Christian College,Florissant
1738,Methodist College,Peoria
1739,Helene Fuld College of Nursing,New York City
1740,Trinity College of Nursing & Health Sciences,Rock Island
1741,New Hope Christian College,Eugene
1742,The University of West Los Angeles,Inglewood
1743,Pillar College,Newark ...
1744,Denver College of Nursing,Denver
1745,Providence Christian College,Pasadena
1746,Bethesda University,Anaheim
1747,Good Samaritan College of Nursing and Health Science,Cincinnati
1748,Research College of Nursing,Kansas City
1749,Richmont Graduate University,Chattanooga
1750,WON Institute of Graduate Studies,Glenside
1751,Southeastern Baptist College,Laurel
1752,Wisconsin School of Professional Psychology,Milwaukee
1753,Indiana University Fort Wayne,Fort Wayne